{"rev":[1,0],"vid":2310130,"id":{"mdns":"","name":"WLED-SoundReactive","inv":"Light"},"nw":{"ins":[{"ssid":"CoCo-net-EXT","pskl":19,"ip":[192,168,2,99],"gw":[192,168,2,1],"sn":[255,255,255,0]}]},"ap":{"ssid":"WLED_000000","pskl":8,"chan":1,"hide":0,"behav":2,"ip":[4,3,2,1]},"wifi":{"sleep":false},"hw":{"led":{"total":957,"maxpwr":5400,"ledma":55,"cct":true,"cr":false,"cb":0,"fps":30,"rgbwm":255,"ld":false,"ins":[{"start":0,"len":957,"pin":[18],"order":0,"rev":false,"skip":0,"type":22,"ref":false,"rgbwm":0,"freq":0}]},"com":[],"btn":{"max":4,"pull":true,"ins":[{"type":2,"pin":[0],"macros":[0,0,0]},{"type":0,"pin":[-1],"macros":[0,0,0]},{"type":0,"pin":[-1],"macros":[0,0,0]},{"type":0,"pin":[-1],"macros":[0,0,0]}],"tt":32,"mqtt":false},"ir":{"pin":25,"type":0,"sel":true},"relay":{"pin":2,"rev":false},"baud":1152,"if":{"i2c-pin":[-1,-1],"spi-pin":[-1,-1,-1]}},"light":{"scale-bri":75,"pal-mode":0,"aseg":false,"gc":{"bri":1,"col":2.8,"val":2.8},"tr":{"mode":true,"dur":2,"pal":0,"rpc":5},"nl":{"mode":1,"dur":60,"tbri":0,"macro":0}},"def":{"ps":0,"on":true,"bri":125},"if":{"sync":{"port0":21324,"port1":65506,"recv":{"bri":true,"col":true,"fx":true,"grp":1,"seg":true,"sb":true},"send":{"dir":false,"btn":false,"va":false,"hue":false,"macro":false,"grp":1,"ret":0}},"nodes":{"list":true,"bcast":true},"live":{"en":true,"mso":false,"port":5568,"mc":false,"dmx":{"uni":1,"seqskip":false,"e131prio":0,"addr":1,"dss":0,"mode":4},"timeout":25,"maxbri":false,"no-gc":true,"offset":0},"va":{"alexa":false,"macros":[0,0],"p":0},"mqtt":{"en":false,"broker":"","port":1883,"user":"","pskl":0,"cid":"WLED-091434","rtn":false,"topics":{"device":"wled/091434","group":"wled/all"}},"hue":{"en":false,"id":1,"iv":25,"recv":{"on":true,"bri":true,"col":true},"ip":[192,168,0,0]},"ntp":{"en":false,"host":"0.wled.pool.ntp.org","tz":0,"offset":0,"ampm":false,"ln":0,"lt":0}},"remote":{"remote_enabled":false,"linked_remote":""},"ol":{"clock":0,"cntdwn":false,"min":0,"max":29,"o12pix":0,"o5m":false,"osec":false},"timers":{"cntdwn":{"goal":[20,1,1,0,0,0],"macro":0},"ins":[]},"ota":{"lock":false,"lock-wifi":false,"pskl":7,"aota":true},"um":{"AudioReactive":{"enabled":false,"analogmic":{"pin":-1},"digitalmic":{"type":1,"pin":[32,15,14,-1]},"config":{"squelch":10,"gain":60,"AGC":1},"dynamics":{"limiter":true,"rise":80,"fall":1400},"frequency":{"scale":3},"sync":{"port":11988,"mode":0}}}}